<?xml version='1.0' encoding='utf-8' standalone='yes' ?>
<map>
    <string name="prev_event_name">page_landing</string>
    <long name="prev_event_timestamp" value="1763567296932" />
    <int name="appsFlyerInAppEventCount" value="1" />
    <long name="prev_session_dur" value="38" />
    <string name="afUninstallToken">et4SMaknRX25tFuNjjZBNs:APA91bHbe08Nn4fLouDnSF0xnQ8Myp1yclen7QxDzJWuquB4YUH3FsBEaPKVm3gmh8m7MxdlnfCbw0vEbCG28iImpFuty45Zivs2X6SNeffTi99A5-1cB9M</string>
    <long name="af_rc_max_age" value="86400" />
    <boolean name="ddl_sent" value="true" />
    <string name="sentSuccessfully">true</string>
    <string name="af_remote_config">eyJmZWF0dXJlcyI6e30sInZlciI6ImRlZmF1bHQudjEuMTYzNzE0OTUyOSJ9</string>
    <int name="versionCode" value="20392" />
    <boolean name="sentRegisterRequestToAF" value="true" />
    <string name="savedProperties">{&quot;uid&quot;:&quot;1763567275291-5170822823104184204&quot;,&quot;waitForCustomerId&quot;:&quot;false&quot;,&quot;logLevel&quot;:&quot;0&quot;,&quot;AppUserId&quot;:&quot;__e8c302a99d81461fa875e4d099e472d5&quot;,&quot;advertiserId&quot;:&quot;d5de3b60-b4d1-4dc6-afb3-23869fea3aa3&quot;,&quot;advertiserIdEnabled&quot;:&quot;true&quot;}</string>
    <string name="AF_INSTALLATION">1763567275291-5170822823104184204</string>
    <boolean name="afUninstallToken_queued" value="false" />
    <int name="appsFlyerCount" value="4" />
    <long name="af_rc_timestamp" value="1763567272901" />
    <long name="AppsFlyerTimePassedSincePrevLaunch" value="1763567330798" />
    <boolean name="newGPReferrerSent" value="true" />
    <string name="appsFlyerFirstInstall">2025-11-19_154755+0000</string>
    <long name="afUninstallToken_received_time" value="1763567277097" />
    <string name="attributionId">{&quot;install_time&quot;:&quot;2025-11-19 15:47:56.655&quot;,&quot;af_message&quot;:&quot;organic install&quot;,&quot;af_status&quot;:&quot;Organic&quot;,&quot;is_first_launch&quot;:false}</string>
</map>
