<?xml version='1.0' encoding='utf-8' standalone='yes' ?>
<map>
    <int name="teri.maa.ki.kali.choot.bhen.k.loode.classes.originalInstallVersionCode" value="20392" />
    <boolean name="bg_startup_tracing" value="false" />
    <long name="com.facebook.appevents.SessionInfo.sessionStartTime" value="1763567275318" />
    <long name="com.facebook.appevents.SessionInfo.sessionEndTime" value="1763567368270" />
    <int name="com.facebook.appevents.SessionInfo.interruptionCount" value="3" />
    <long name="teri.maa.ki.kali.choot.bhen.k.loode.classes.cloneTimestamp" value="1763567136279" />
    <string name="com.facebook.appevents.SessionInfo.sessionId">357736c2-8d7a-4c21-81d4-b68dc3d7c676</string>
</map>
