<?xml version='1.0' encoding='utf-8' standalone='yes' ?>
<map>
    <int name="encryptionMigrationFailureCount:48K-8WW-754Z" value="0" />
    <string name="deviceId:48K-8WW-754Z">__e8c302a99d81461fa875e4d099e472d5</string>
    <string name="pfworkid">48K-8WW-754Z</string>
    <int name="cachedGUIDsLengthKey:48K-8WW-754Z" value="2" />
    <int name="lastSessionId:48K-8WW-754Z" value="1763567329" />
    <boolean name="NetworkInfo:48K-8WW-754Z" value="true" />
    <string name="fcm_token:48K-8WW-754Z">et4SMaknRX25tFuNjjZBNs:APA91bHbe08Nn4fLouDnSF0xnQ8Myp1yclen7QxDzJWuquB4YUH3FsBEaPKVm3gmh8m7MxdlnfCbw0vEbCG28iImpFuty45Zivs2X6SNeffTi99A5-1cB9M</string>
    <string name="ict_date:__e8c302a99d81461fa875e4d099e472d5:48K-8WW-754Z">19112025</string>
    <string name="comms_dmn:48K-8WW-754Z">eu1.clevertap-prod.com</string>
    <int name="comms_last_ts:48K-8WW-754Z" value="1763567367" />
    <int name="comms_first_ts:48K-8WW-754Z" value="1763567275" />
    <int name="encryptionLevel:48K-8WW-754Z" value="0" />
    <int name="sexe:48K-8WW-754Z" value="1763567368" />
    <int name="comms_mtd:48K-8WW-754Z" value="0" />
    <boolean name="ssInAppMigrated:48K-8WW-754Z" value="true" />
    <int name="istc_inapp:__e8c302a99d81461fa875e4d099e472d5:48K-8WW-754Z" value="1" />
    <string name="instance:48K-8WW-754Z">{&quot;accountId&quot;:&quot;48K-8WW-754Z&quot;,&quot;accountToken&quot;:&quot;00b-3b4&quot;,&quot;fcmSenderId&quot;:&quot;732565920259&quot;,&quot;analyticsOnly&quot;:false,&quot;isDefaultInstance&quot;:true,&quot;useGoogleAdId&quot;:false,&quot;disableAppLaunchedEvent&quot;:false,&quot;personalization&quot;:true,&quot;debugLevel&quot;:0,&quot;createdPostAppLaunch&quot;:false,&quot;sslPinning&quot;:false,&quot;backgroundSync&quot;:true,&quot;getEnableCustomCleverTapId&quot;:false,&quot;beta&quot;:false,&quot;encryptionLevel&quot;:0,&quot;allowedPushTypes&quot;:[]}</string>
    <int name="imc:__e8c302a99d81461fa875e4d099e472d5:48K-8WW-754Z" value="5" />
    <int name="istmcd_inapp:__e8c302a99d81461fa875e4d099e472d5:48K-8WW-754Z" value="10" />
    <string name="comms_dmn_spiky:48K-8WW-754Z">eu1-spiky.clevertap-prod.com</string>
    <boolean name="OptOut:__e8c302a99d81461fa875e4d099e472d5:48K-8WW-754Z" value="false" />
    <string name="SP_KEY_PROFILE_IDENTITIES:48K-8WW-754Z">Email,Identity</string>
    <string name="cachedGUIDsKey:48K-8WW-754Z">{&quot;Email_&quot;:&quot;__e8c302a99d81461fa875e4d099e472d5&quot;,&quot;Identity_2501220814419192030&quot;:&quot;__e8c302a99d81461fa875e4d099e472d5&quot;}</string>
    <long name="last_assets_cleanup" value="1763567275616" />
</map>
