<?xml version='1.0' encoding='utf-8' standalone='yes' ?>
<map>
    <int name="__triggers_1763538860" value="19" />
    <int name="__triggers_1756038299" value="6" />
    <int name="__triggers_1722600347" value="9" />
    <int name="__triggers_1763538907" value="19" />
    <int name="__triggers_1763307353" value="5" />
    <int name="__triggers_1763324177" value="1" />
    <int name="__triggers_1763536922" value="5" />
    <int name="__triggers_1722603357" value="5" />
    <int name="__triggers_1752580699" value="5" />
    <int name="__triggers_1763538732" value="19" />
    <int name="__triggers_1763536796" value="5" />
</map>
