{"Fid":"et4SMaknRX25tFuNjjZBNs","Status":3,"AuthToken":"eyJhbGciOiJFUzI1NiIsInR5cCI6IkpXVCJ9.eyJhcHBJZCI6IjE6NzMyNTY1OTIwMjU5OmFuZHJvaWQ6ZjZlNThhYjBlZDIwYzNjZCIsImV4cCI6MTc2NDE3MjA3MywiZmlkIjoiZXQ0U01ha25SWDI1dEZ1TmpqWkJOcyIsInByb2plY3ROdW1iZXIiOjczMjU2NTkyMDI1OX0.AB2LPV8wRQIgQKVayt_V6wv3hizDjL6M9hZ2ipR2Xc4gRizoOttb0GoCIQCDa-V6WiJWXFpFayzcdZ16RnBzX0fwehevSyESCvjKvw","RefreshToken":"3_AS3qfwIyAy0uw9BBxYDeJffu33bKzq7BtiHJ8yMFTfmwowFtPzhpSbtRIfa4crD_3-MJFT0ynJ1eXEe3jgKRWZOLp5HkV7RzQNzMaozMgth2TnU","TokenCreationEpochInSecs":1763567273,"ExpiresInSecs":604800}